"Year.x","Year.y","Year.x.x","Year.y.y","Year.x.x.x","Year.y.y.y","Year.x.x.x.x","Year.y.y.y.y","Year.x.x.x.x.x","Year.y.y.y.y.y","State","Year","Kilograms of Co2 per MWh"
2013,2014,2015,2016,2017,2018,2019,2020,2021,2022,"Connecticut","2013",245
2013,2014,2015,2016,2017,2018,2019,2020,2021,2022,"Connecticut","2014",251
2013,2014,2015,2016,2017,2018,2019,2020,2021,2022,"Connecticut","2015",241
2013,2014,2015,2016,2017,2018,2019,2020,2021,2022,"Connecticut","2016",235
2013,2014,2015,2016,2017,2018,2019,2020,2021,2022,"Connecticut","2017",228
2013,2014,2015,2016,2017,2018,2019,2020,2021,2022,"Connecticut","2018",243
2013,2014,2015,2016,2017,2018,2019,2020,2021,2022,"Connecticut","2019",238
2013,2014,2015,2016,2017,2018,2019,2020,2021,2022,"Connecticut","2020",247
2013,2014,2015,2016,2017,2018,2019,2020,2021,2022,"Connecticut","2021",248
2013,2014,2015,2016,2017,2018,2019,2020,2021,2022,"Connecticut","2022",250
2013,2014,2015,2016,2017,2018,2019,2020,2021,2022,"Connecticut","2023",262
2013,2014,2015,2016,2017,2018,2019,2020,2021,2022,"Maine","2013",262
2013,2014,2015,2016,2017,2018,2019,2020,2021,2022,"Maine","2014",257
2013,2014,2015,2016,2017,2018,2019,2020,2021,2022,"Maine","2015",252
2013,2014,2015,2016,2017,2018,2019,2020,2021,2022,"Maine","2016",222
2013,2014,2015,2016,2017,2018,2019,2020,2021,2022,"Maine","2017",186
2013,2014,2015,2016,2017,2018,2019,2020,2021,2022,"Maine","2018",195
2013,2014,2015,2016,2017,2018,2019,2020,2021,2022,"Maine","2019",174
2013,2014,2015,2016,2017,2018,2019,2020,2021,2022,"Maine","2020",182
2013,2014,2015,2016,2017,2018,2019,2020,2021,2022,"Maine","2021",210
2013,2014,2015,2016,2017,2018,2019,2020,2021,2022,"Maine","2022",219
2013,2014,2015,2016,2017,2018,2019,2020,2021,2022,"Maine","2023",195
2013,2014,2015,2016,2017,2018,2019,2020,2021,2022,"Massachusetts","2013",448
2013,2014,2015,2016,2017,2018,2019,2020,2021,2022,"Massachusetts","2014",415
2013,2014,2015,2016,2017,2018,2019,2020,2021,2022,"Massachusetts","2015",418
2013,2014,2015,2016,2017,2018,2019,2020,2021,2022,"Massachusetts","2016",398
2013,2014,2015,2016,2017,2018,2019,2020,2021,2022,"Massachusetts","2017",385
2013,2014,2015,2016,2017,2018,2019,2020,2021,2022,"Massachusetts","2018",367
2013,2014,2015,2016,2017,2018,2019,2020,2021,2022,"Massachusetts","2019",396
2013,2014,2015,2016,2017,2018,2019,2020,2021,2022,"Massachusetts","2020",437
2013,2014,2015,2016,2017,2018,2019,2020,2021,2022,"Massachusetts","2021",431
2013,2014,2015,2016,2017,2018,2019,2020,2021,2022,"Massachusetts","2022",433
2013,2014,2015,2016,2017,2018,2019,2020,2021,2022,"Massachusetts","2023",420
2013,2014,2015,2016,2017,2018,2019,2020,2021,2022,"Hampshire","2013",174
2013,2014,2015,2016,2017,2018,2019,2020,2021,2022,"Hampshire","2014",177
2013,2014,2015,2016,2017,2018,2019,2020,2021,2022,"Hampshire","2015",183
2013,2014,2015,2016,2017,2018,2019,2020,2021,2022,"Hampshire","2016",131
2013,2014,2015,2016,2017,2018,2019,2020,2021,2022,"Hampshire","2017",113
2013,2014,2015,2016,2017,2018,2019,2020,2021,2022,"Hampshire","2018",128
2013,2014,2015,2016,2017,2018,2019,2020,2021,2022,"Hampshire","2019",108
2013,2014,2015,2016,2017,2018,2019,2020,2021,2022,"Hampshire","2020",106
2013,2014,2015,2016,2017,2018,2019,2020,2021,2022,"Hampshire","2021",131
2013,2014,2015,2016,2017,2018,2019,2020,2021,2022,"Hampshire","2022",136
2013,2014,2015,2016,2017,2018,2019,2020,2021,2022,"Hampshire","2023",122
2013,2014,2015,2016,2017,2018,2019,2020,2021,2022,"Island","2013",454
2013,2014,2015,2016,2017,2018,2019,2020,2021,2022,"Island","2014",408
2013,2014,2015,2016,2017,2018,2019,2020,2021,2022,"Island","2015",414
2013,2014,2015,2016,2017,2018,2019,2020,2021,2022,"Island","2016",407
2013,2014,2015,2016,2017,2018,2019,2020,2021,2022,"Island","2017",391
2013,2014,2015,2016,2017,2018,2019,2020,2021,2022,"Island","2018",400
2013,2014,2015,2016,2017,2018,2019,2020,2021,2022,"Island","2019",393
2013,2014,2015,2016,2017,2018,2019,2020,2021,2022,"Island","2020",377
2013,2014,2015,2016,2017,2018,2019,2020,2021,2022,"Island","2021",382
2013,2014,2015,2016,2017,2018,2019,2020,2021,2022,"Island","2022",377
2013,2014,2015,2016,2017,2018,2019,2020,2021,2022,"Island","2023",385
2013,2014,2015,2016,2017,2018,2019,2020,2021,2022,"Vermont","2013",2
2013,2014,2015,2016,2017,2018,2019,2020,2021,2022,"Vermont","2014",2
2013,2014,2015,2016,2017,2018,2019,2020,2021,2022,"Vermont","2015",6
2013,2014,2015,2016,2017,2018,2019,2020,2021,2022,"Vermont","2016",6
2013,2014,2015,2016,2017,2018,2019,2020,2021,2022,"Vermont","2017",7
2013,2014,2015,2016,2017,2018,2019,2020,2021,2022,"Vermont","2018",5
2013,2014,2015,2016,2017,2018,2019,2020,2021,2022,"Vermont","2019",3
2013,2014,2015,2016,2017,2018,2019,2020,2021,2022,"Vermont","2020",4
2013,2014,2015,2016,2017,2018,2019,2020,2021,2022,"Vermont","2021",5
2013,2014,2015,2016,2017,2018,2019,2020,2021,2022,"Vermont","2022",6
2013,2014,2015,2016,2017,2018,2019,2020,2021,2022,"Vermont","2023",4
2013,2014,2015,2016,2017,2018,2019,2020,2021,2022,"Jersey","2013",244
2013,2014,2015,2016,2017,2018,2019,2020,2021,2022,"Jersey","2014",270
2013,2014,2015,2016,2017,2018,2019,2020,2021,2022,"Jersey","2015",260
2013,2014,2015,2016,2017,2018,2019,2020,2021,2022,"Jersey","2016",272
2013,2014,2015,2016,2017,2018,2019,2020,2021,2022,"Jersey","2017",240
2013,2014,2015,2016,2017,2018,2019,2020,2021,2022,"Jersey","2018",252
2013,2014,2015,2016,2017,2018,2019,2020,2021,2022,"Jersey","2019",266
2013,2014,2015,2016,2017,2018,2019,2020,2021,2022,"Jersey","2020",244
2013,2014,2015,2016,2017,2018,2019,2020,2021,2022,"Jersey","2021",241
2013,2014,2015,2016,2017,2018,2019,2020,2021,2022,"Jersey","2022",244
2013,2014,2015,2016,2017,2018,2019,2020,2021,2022,"Jersey","2023",235
2013,2014,2015,2016,2017,2018,2019,2020,2021,2022,"York","2013",246
2013,2014,2015,2016,2017,2018,2019,2020,2021,2022,"York","2014",248
2013,2014,2015,2016,2017,2018,2019,2020,2021,2022,"York","2015",236
2013,2014,2015,2016,2017,2018,2019,2020,2021,2022,"York","2016",233
2013,2014,2015,2016,2017,2018,2019,2020,2021,2022,"York","2017",200
2013,2014,2015,2016,2017,2018,2019,2020,2021,2022,"York","2018",211
2013,2014,2015,2016,2017,2018,2019,2020,2021,2022,"York","2019",188
2013,2014,2015,2016,2017,2018,2019,2020,2021,2022,"York","2020",207
2013,2014,2015,2016,2017,2018,2019,2020,2021,2022,"York","2021",227
2013,2014,2015,2016,2017,2018,2019,2020,2021,2022,"York","2022",246
2013,2014,2015,2016,2017,2018,2019,2020,2021,2022,"York","2023",237
2013,2014,2015,2016,2017,2018,2019,2020,2021,2022,"Pennsylvania","2013",479
2013,2014,2015,2016,2017,2018,2019,2020,2021,2022,"Pennsylvania","2014",462
2013,2014,2015,2016,2017,2018,2019,2020,2021,2022,"Pennsylvania","2015",424
2013,2014,2015,2016,2017,2018,2019,2020,2021,2022,"Pennsylvania","2016",395
2013,2014,2015,2016,2017,2018,2019,2020,2021,2022,"Pennsylvania","2017",371
2013,2014,2015,2016,2017,2018,2019,2020,2021,2022,"Pennsylvania","2018",358
2013,2014,2015,2016,2017,2018,2019,2020,2021,2022,"Pennsylvania","2019",338
2013,2014,2015,2016,2017,2018,2019,2020,2021,2022,"Pennsylvania","2020",314
2013,2014,2015,2016,2017,2018,2019,2020,2021,2022,"Pennsylvania","2021",331
2013,2014,2015,2016,2017,2018,2019,2020,2021,2022,"Pennsylvania","2022",324
2013,2014,2015,2016,2017,2018,2019,2020,2021,2022,"Pennsylvania","2023",298
2013,2014,2015,2016,2017,2018,2019,2020,2021,2022,"Illinois","2013",482
2013,2014,2015,2016,2017,2018,2019,2020,2021,2022,"Illinois","2014",478
2013,2014,2015,2016,2017,2018,2019,2020,2021,2022,"Illinois","2015",435
2013,2014,2015,2016,2017,2018,2019,2020,2021,2022,"Illinois","2016",385
2013,2014,2015,2016,2017,2018,2019,2020,2021,2022,"Illinois","2017",385
2013,2014,2015,2016,2017,2018,2019,2020,2021,2022,"Illinois","2018",384
2013,2014,2015,2016,2017,2018,2019,2020,2021,2022,"Illinois","2019",342
2013,2014,2015,2016,2017,2018,2019,2020,2021,2022,"Illinois","2020",274
2013,2014,2015,2016,2017,2018,2019,2020,2021,2022,"Illinois","2021",315
2013,2014,2015,2016,2017,2018,2019,2020,2021,2022,"Illinois","2022",290
2013,2014,2015,2016,2017,2018,2019,2020,2021,2022,"Illinois","2023",237
2013,2014,2015,2016,2017,2018,2019,2020,2021,2022,"Indiana","2013",905
2013,2014,2015,2016,2017,2018,2019,2020,2021,2022,"Indiana","2014",907
2013,2014,2015,2016,2017,2018,2019,2020,2021,2022,"Indiana","2015",856
2013,2014,2015,2016,2017,2018,2019,2020,2021,2022,"Indiana","2016",839
2013,2014,2015,2016,2017,2018,2019,2020,2021,2022,"Indiana","2017",828
2013,2014,2015,2016,2017,2018,2019,2020,2021,2022,"Indiana","2018",807
2013,2014,2015,2016,2017,2018,2019,2020,2021,2022,"Indiana","2019",759
2013,2014,2015,2016,2017,2018,2019,2020,2021,2022,"Indiana","2020",720
2013,2014,2015,2016,2017,2018,2019,2020,2021,2022,"Indiana","2021",748
2013,2014,2015,2016,2017,2018,2019,2020,2021,2022,"Indiana","2022",719
2013,2014,2015,2016,2017,2018,2019,2020,2021,2022,"Indiana","2023",680
2013,2014,2015,2016,2017,2018,2019,2020,2021,2022,"Michigan","2013",637
2013,2014,2015,2016,2017,2018,2019,2020,2021,2022,"Michigan","2014",602
2013,2014,2015,2016,2017,2018,2019,2020,2021,2022,"Michigan","2015",594
2013,2014,2015,2016,2017,2018,2019,2020,2021,2022,"Michigan","2016",523
2013,2014,2015,2016,2017,2018,2019,2020,2021,2022,"Michigan","2017",520
2013,2014,2015,2016,2017,2018,2019,2020,2021,2022,"Michigan","2018",530
2013,2014,2015,2016,2017,2018,2019,2020,2021,2022,"Michigan","2019",490
2013,2014,2015,2016,2017,2018,2019,2020,2021,2022,"Michigan","2020",499
2013,2014,2015,2016,2017,2018,2019,2020,2021,2022,"Michigan","2021",477
2013,2014,2015,2016,2017,2018,2019,2020,2021,2022,"Michigan","2022",498
2013,2014,2015,2016,2017,2018,2019,2020,2021,2022,"Michigan","2023",415
2013,2014,2015,2016,2017,2018,2019,2020,2021,2022,"Ohio","2013",746
2013,2014,2015,2016,2017,2018,2019,2020,2021,2022,"Ohio","2014",734
2013,2014,2015,2016,2017,2018,2019,2020,2021,2022,"Ohio","2015",687
2013,2014,2015,2016,2017,2018,2019,2020,2021,2022,"Ohio","2016",686
2013,2014,2015,2016,2017,2018,2019,2020,2021,2022,"Ohio","2017",668
2013,2014,2015,2016,2017,2018,2019,2020,2021,2022,"Ohio","2018",619
2013,2014,2015,2016,2017,2018,2019,2020,2021,2022,"Ohio","2019",568
2013,2014,2015,2016,2017,2018,2019,2020,2021,2022,"Ohio","2020",556
2013,2014,2015,2016,2017,2018,2019,2020,2021,2022,"Ohio","2021",548
2013,2014,2015,2016,2017,2018,2019,2020,2021,2022,"Ohio","2022",528
2013,2014,2015,2016,2017,2018,2019,2020,2021,2022,"Ohio","2023",475
2013,2014,2015,2016,2017,2018,2019,2020,2021,2022,"Wisconsin","2013",723
2013,2014,2015,2016,2017,2018,2019,2020,2021,2022,"Wisconsin","2014",717
2013,2014,2015,2016,2017,2018,2019,2020,2021,2022,"Wisconsin","2015",681
2013,2014,2015,2016,2017,2018,2019,2020,2021,2022,"Wisconsin","2016",630
2013,2014,2015,2016,2017,2018,2019,2020,2021,2022,"Wisconsin","2017",659
2013,2014,2015,2016,2017,2018,2019,2020,2021,2022,"Wisconsin","2018",634
2013,2014,2015,2016,2017,2018,2019,2020,2021,2022,"Wisconsin","2019",560
2013,2014,2015,2016,2017,2018,2019,2020,2021,2022,"Wisconsin","2020",540
2013,2014,2015,2016,2017,2018,2019,2020,2021,2022,"Wisconsin","2021",566
2013,2014,2015,2016,2017,2018,2019,2020,2021,2022,"Wisconsin","2022",538
2013,2014,2015,2016,2017,2018,2019,2020,2021,2022,"Wisconsin","2023",522
2013,2014,2015,2016,2017,2018,2019,2020,2021,2022,"Iowa","2013",691
2013,2014,2015,2016,2017,2018,2019,2020,2021,2022,"Iowa","2014",691
2013,2014,2015,2016,2017,2018,2019,2020,2021,2022,"Iowa","2015",618
2013,2014,2015,2016,2017,2018,2019,2020,2021,2022,"Iowa","2016",556
2013,2014,2015,2016,2017,2018,2019,2020,2021,2022,"Iowa","2017",529
2013,2014,2015,2016,2017,2018,2019,2020,2021,2022,"Iowa","2018",540
2013,2014,2015,2016,2017,2018,2019,2020,2021,2022,"Iowa","2019",470
2013,2014,2015,2016,2017,2018,2019,2020,2021,2022,"Iowa","2020",354
2013,2014,2015,2016,2017,2018,2019,2020,2021,2022,"Iowa","2021",430
2013,2014,2015,2016,2017,2018,2019,2020,2021,2022,"Iowa","2022",358
2013,2014,2015,2016,2017,2018,2019,2020,2021,2022,"Iowa","2023",352
2013,2014,2015,2016,2017,2018,2019,2020,2021,2022,"Kansas","2013",683
2013,2014,2015,2016,2017,2018,2019,2020,2021,2022,"Kansas","2014",639
2013,2014,2015,2016,2017,2018,2019,2020,2021,2022,"Kansas","2015",601
2013,2014,2015,2016,2017,2018,2019,2020,2021,2022,"Kansas","2016",541
2013,2014,2015,2016,2017,2018,2019,2020,2021,2022,"Kansas","2017",437
2013,2014,2015,2016,2017,2018,2019,2020,2021,2022,"Kansas","2018",459
2013,2014,2015,2016,2017,2018,2019,2020,2021,2022,"Kansas","2019",410
2013,2014,2015,2016,2017,2018,2019,2020,2021,2022,"Kansas","2020",373
2013,2014,2015,2016,2017,2018,2019,2020,2021,2022,"Kansas","2021",402
2013,2014,2015,2016,2017,2018,2019,2020,2021,2022,"Kansas","2022",384
2013,2014,2015,2016,2017,2018,2019,2020,2021,2022,"Kansas","2023",347
2013,2014,2015,2016,2017,2018,2019,2020,2021,2022,"Minnesota","2013",570
2013,2014,2015,2016,2017,2018,2019,2020,2021,2022,"Minnesota","2014",573
2013,2014,2015,2016,2017,2018,2019,2020,2021,2022,"Minnesota","2015",532
2013,2014,2015,2016,2017,2018,2019,2020,2021,2022,"Minnesota","2016",498
2013,2014,2015,2016,2017,2018,2019,2020,2021,2022,"Minnesota","2017",482
2013,2014,2015,2016,2017,2018,2019,2020,2021,2022,"Minnesota","2018",484
2013,2014,2015,2016,2017,2018,2019,2020,2021,2022,"Minnesota","2019",426
2013,2014,2015,2016,2017,2018,2019,2020,2021,2022,"Minnesota","2020",371
2013,2014,2015,2016,2017,2018,2019,2020,2021,2022,"Minnesota","2021",392
2013,2014,2015,2016,2017,2018,2019,2020,2021,2022,"Minnesota","2022",379
2013,2014,2015,2016,2017,2018,2019,2020,2021,2022,"Minnesota","2023",364
2013,2014,2015,2016,2017,2018,2019,2020,2021,2022,"Missouri","2013",855
2013,2014,2015,2016,2017,2018,2019,2020,2021,2022,"Missouri","2014",862
2013,2014,2015,2016,2017,2018,2019,2020,2021,2022,"Missouri","2015",813
2013,2014,2015,2016,2017,2018,2019,2020,2021,2022,"Missouri","2016",798
2013,2014,2015,2016,2017,2018,2019,2020,2021,2022,"Missouri","2017",811
2013,2014,2015,2016,2017,2018,2019,2020,2021,2022,"Missouri","2018",806
2013,2014,2015,2016,2017,2018,2019,2020,2021,2022,"Missouri","2019",735
2013,2014,2015,2016,2017,2018,2019,2020,2021,2022,"Missouri","2020",746
2013,2014,2015,2016,2017,2018,2019,2020,2021,2022,"Missouri","2021",775
2013,2014,2015,2016,2017,2018,2019,2020,2021,2022,"Missouri","2022",720
2013,2014,2015,2016,2017,2018,2019,2020,2021,2022,"Missouri","2023",688
2013,2014,2015,2016,2017,2018,2019,2020,2021,2022,"Nebraska","2013",756
2013,2014,2015,2016,2017,2018,2019,2020,2021,2022,"Nebraska","2014",668
2013,2014,2015,2016,2017,2018,2019,2020,2021,2022,"Nebraska","2015",635
2013,2014,2015,2016,2017,2018,2019,2020,2021,2022,"Nebraska","2016",630
2013,2014,2015,2016,2017,2018,2019,2020,2021,2022,"Nebraska","2017",630
2013,2014,2015,2016,2017,2018,2019,2020,2021,2022,"Nebraska","2018",690
2013,2014,2015,2016,2017,2018,2019,2020,2021,2022,"Nebraska","2019",634
2013,2014,2015,2016,2017,2018,2019,2020,2021,2022,"Nebraska","2020",569
2013,2014,2015,2016,2017,2018,2019,2020,2021,2022,"Nebraska","2021",561
2013,2014,2015,2016,2017,2018,2019,2020,2021,2022,"Nebraska","2022",545
2013,2014,2015,2016,2017,2018,2019,2020,2021,2022,"Nebraska","2023",501
2013,2014,2015,2016,2017,2018,2019,2020,2021,2022,"Dakota","2013",864
2013,2014,2015,2016,2017,2018,2019,2020,2021,2022,"Dakota","2014",834
2013,2014,2015,2016,2017,2018,2019,2020,2021,2022,"Dakota","2015",841
2013,2014,2015,2016,2017,2018,2019,2020,2021,2022,"Dakota","2016",790
2013,2014,2015,2016,2017,2018,2019,2020,2021,2022,"Dakota","2017",724
2013,2014,2015,2016,2017,2018,2019,2020,2021,2022,"Dakota","2018",734
2013,2014,2015,2016,2017,2018,2019,2020,2021,2022,"Dakota","2019",697
2013,2014,2015,2016,2017,2018,2019,2020,2021,2022,"Dakota","2020",650
2013,2014,2015,2016,2017,2018,2019,2020,2021,2022,"Dakota","2021",641
2013,2014,2015,2016,2017,2018,2019,2020,2021,2022,"Dakota","2022",649
2013,2014,2015,2016,2017,2018,2019,2020,2021,2022,"Dakota","2023",643
2013,2014,2015,2016,2017,2018,2019,2020,2021,2022,"Dakota","2013",319
2013,2014,2015,2016,2017,2018,2019,2020,2021,2022,"Dakota","2014",281
2013,2014,2015,2016,2017,2018,2019,2020,2021,2022,"Dakota","2015",202
2013,2014,2015,2016,2017,2018,2019,2020,2021,2022,"Dakota","2016",232
2013,2014,2015,2016,2017,2018,2019,2020,2021,2022,"Dakota","2017",229
2013,2014,2015,2016,2017,2018,2019,2020,2021,2022,"Dakota","2018",231
2013,2014,2015,2016,2017,2018,2019,2020,2021,2022,"Dakota","2019",227
2013,2014,2015,2016,2017,2018,2019,2020,2021,2022,"Dakota","2020",167
2013,2014,2015,2016,2017,2018,2019,2020,2021,2022,"Dakota","2021",145
2013,2014,2015,2016,2017,2018,2019,2020,2021,2022,"Dakota","2022",158
2013,2014,2015,2016,2017,2018,2019,2020,2021,2022,"Dakota","2023",168
2013,2014,2015,2016,2017,2018,2019,2020,2021,2022,"Delaware","2013",608
2013,2014,2015,2016,2017,2018,2019,2020,2021,2022,"Delaware","2014",555
2013,2014,2015,2016,2017,2018,2019,2020,2021,2022,"Delaware","2015",524
2013,2014,2015,2016,2017,2018,2019,2020,2021,2022,"Delaware","2016",500
2013,2014,2015,2016,2017,2018,2019,2020,2021,2022,"Delaware","2017",484
2013,2014,2015,2016,2017,2018,2019,2020,2021,2022,"Delaware","2018",512
2013,2014,2015,2016,2017,2018,2019,2020,2021,2022,"Delaware","2019",504
2013,2014,2015,2016,2017,2018,2019,2020,2021,2022,"Delaware","2020",512
2013,2014,2015,2016,2017,2018,2019,2020,2021,2022,"Delaware","2021",572
2013,2014,2015,2016,2017,2018,2019,2020,2021,2022,"Delaware","2022",505
2013,2014,2015,2016,2017,2018,2019,2020,2021,2022,"Delaware","2023",498
2013,2014,2015,2016,2017,2018,2019,2020,2021,2022,"Columbia","2013",740
2013,2014,2015,2016,2017,2018,2019,2020,2021,2022,"Columbia","2014",716
2013,2014,2015,2016,2017,2018,2019,2020,2021,2022,"Columbia","2015",662
2013,2014,2015,2016,2017,2018,2019,2020,2021,2022,"Columbia","2016",622
2013,2014,2015,2016,2017,2018,2019,2020,2021,2022,"Columbia","2017",553
2013,2014,2015,2016,2017,2018,2019,2020,2021,2022,"Columbia","2018",540
2013,2014,2015,2016,2017,2018,2019,2020,2021,2022,"Columbia","2019",633
2013,2014,2015,2016,2017,2018,2019,2020,2021,2022,"Columbia","2020",535
2013,2014,2015,2016,2017,2018,2019,2020,2021,2022,"Columbia","2021",532
2013,2014,2015,2016,2017,2018,2019,2020,2021,2022,"Columbia","2022",397
2013,2014,2015,2016,2017,2018,2019,2020,2021,2022,"Columbia","2023",426
2013,2014,2015,2016,2017,2018,2019,2020,2021,2022,"Florida","2013",489
2013,2014,2015,2016,2017,2018,2019,2020,2021,2022,"Florida","2014",492
2013,2014,2015,2016,2017,2018,2019,2020,2021,2022,"Florida","2015",471
2013,2014,2015,2016,2017,2018,2019,2020,2021,2022,"Florida","2016",463
2013,2014,2015,2016,2017,2018,2019,2020,2021,2022,"Florida","2017",451
2013,2014,2015,2016,2017,2018,2019,2020,2021,2022,"Florida","2018",433
2013,2014,2015,2016,2017,2018,2019,2020,2021,2022,"Florida","2019",403
2013,2014,2015,2016,2017,2018,2019,2020,2021,2022,"Florida","2020",386
2013,2014,2015,2016,2017,2018,2019,2020,2021,2022,"Florida","2021",391
2013,2014,2015,2016,2017,2018,2019,2020,2021,2022,"Florida","2022",377
2013,2014,2015,2016,2017,2018,2019,2020,2021,2022,"Florida","2023",361
2013,2014,2015,2016,2017,2018,2019,2020,2021,2022,"Georgia","2013",470
2013,2014,2015,2016,2017,2018,2019,2020,2021,2022,"Georgia","2014",497
2013,2014,2015,2016,2017,2018,2019,2020,2021,2022,"Georgia","2015",460
2013,2014,2015,2016,2017,2018,2019,2020,2021,2022,"Georgia","2016",451
2013,2014,2015,2016,2017,2018,2019,2020,2021,2022,"Georgia","2017",430
2013,2014,2015,2016,2017,2018,2019,2020,2021,2022,"Georgia","2018",424
2013,2014,2015,2016,2017,2018,2019,2020,2021,2022,"Georgia","2019",397
2013,2014,2015,2016,2017,2018,2019,2020,2021,2022,"Georgia","2020",332
2013,2014,2015,2016,2017,2018,2019,2020,2021,2022,"Georgia","2021",351
2013,2014,2015,2016,2017,2018,2019,2020,2021,2022,"Georgia","2022",346
2013,2014,2015,2016,2017,2018,2019,2020,2021,2022,"Georgia","2023",333
2013,2014,2015,2016,2017,2018,2019,2020,2021,2022,"Maryland","2013",529
2013,2014,2015,2016,2017,2018,2019,2020,2021,2022,"Maryland","2014",547
2013,2014,2015,2016,2017,2018,2019,2020,2021,2022,"Maryland","2015",504
2013,2014,2015,2016,2017,2018,2019,2020,2021,2022,"Maryland","2016",500
2013,2014,2015,2016,2017,2018,2019,2020,2021,2022,"Maryland","2017",392
2013,2014,2015,2016,2017,2018,2019,2020,2021,2022,"Maryland","2018",407
2013,2014,2015,2016,2017,2018,2019,2020,2021,2022,"Maryland","2019",333
2013,2014,2015,2016,2017,2018,2019,2020,2021,2022,"Maryland","2020",284
2013,2014,2015,2016,2017,2018,2019,2020,2021,2022,"Maryland","2021",315
2013,2014,2015,2016,2017,2018,2019,2020,2021,2022,"Maryland","2022",303
2013,2014,2015,2016,2017,2018,2019,2020,2021,2022,"Maryland","2023",254
2013,2014,2015,2016,2017,2018,2019,2020,2021,2022,"Carolina","2013",452
2013,2014,2015,2016,2017,2018,2019,2020,2021,2022,"Carolina","2014",457
2013,2014,2015,2016,2017,2018,2019,2020,2021,2022,"Carolina","2015",419
2013,2014,2015,2016,2017,2018,2019,2020,2021,2022,"Carolina","2016",401
2013,2014,2015,2016,2017,2018,2019,2020,2021,2022,"Carolina","2017",379
2013,2014,2015,2016,2017,2018,2019,2020,2021,2022,"Carolina","2018",370
2013,2014,2015,2016,2017,2018,2019,2020,2021,2022,"Carolina","2019",361
2013,2014,2015,2016,2017,2018,2019,2020,2021,2022,"Carolina","2020",309
2013,2014,2015,2016,2017,2018,2019,2020,2021,2022,"Carolina","2021",317
2013,2014,2015,2016,2017,2018,2019,2020,2021,2022,"Carolina","2022",307
2013,2014,2015,2016,2017,2018,2019,2020,2021,2022,"Carolina","2023",291
2013,2014,2015,2016,2017,2018,2019,2020,2021,2022,"Carolina","2013",302
2013,2014,2015,2016,2017,2018,2019,2020,2021,2022,"Carolina","2014",341
2013,2014,2015,2016,2017,2018,2019,2020,2021,2022,"Carolina","2015",309
2013,2014,2015,2016,2017,2018,2019,2020,2021,2022,"Carolina","2016",289
2013,2014,2015,2016,2017,2018,2019,2020,2021,2022,"Carolina","2017",272
2013,2014,2015,2016,2017,2018,2019,2020,2021,2022,"Carolina","2018",291
2013,2014,2015,2016,2017,2018,2019,2020,2021,2022,"Carolina","2019",251
2013,2014,2015,2016,2017,2018,2019,2020,2021,2022,"Carolina","2020",234
2013,2014,2015,2016,2017,2018,2019,2020,2021,2022,"Carolina","2021",256
2013,2014,2015,2016,2017,2018,2019,2020,2021,2022,"Carolina","2022",252
2013,2014,2015,2016,2017,2018,2019,2020,2021,2022,"Carolina","2023",254
2013,2014,2015,2016,2017,2018,2019,2020,2021,2022,"Virginia","2013",451
2013,2014,2015,2016,2017,2018,2019,2020,2021,2022,"Virginia","2014",437
2013,2014,2015,2016,2017,2018,2019,2020,2021,2022,"Virginia","2015",413
2013,2014,2015,2016,2017,2018,2019,2020,2021,2022,"Virginia","2016",395
2013,2014,2015,2016,2017,2018,2019,2020,2021,2022,"Virginia","2017",345
2013,2014,2015,2016,2017,2018,2019,2020,2021,2022,"Virginia","2018",351
2013,2014,2015,2016,2017,2018,2019,2020,2021,2022,"Virginia","2019",309
2013,2014,2015,2016,2017,2018,2019,2020,2021,2022,"Virginia","2020",309
2013,2014,2015,2016,2017,2018,2019,2020,2021,2022,"Virginia","2021",295
2013,2014,2015,2016,2017,2018,2019,2020,2021,2022,"Virginia","2022",292
2013,2014,2015,2016,2017,2018,2019,2020,2021,2022,"Virginia","2023",270
2013,2014,2015,2016,2017,2018,2019,2020,2021,2022,"Virginia","2013",908
2013,2014,2015,2016,2017,2018,2019,2020,2021,2022,"Virginia","2014",908
2013,2014,2015,2016,2017,2018,2019,2020,2021,2022,"Virginia","2015",917
2013,2014,2015,2016,2017,2018,2019,2020,2021,2022,"Virginia","2016",902
2013,2014,2015,2016,2017,2018,2019,2020,2021,2022,"Virginia","2017",886
2013,2014,2015,2016,2017,2018,2019,2020,2021,2022,"Virginia","2018",895
2013,2014,2015,2016,2017,2018,2019,2020,2021,2022,"Virginia","2019",889
2013,2014,2015,2016,2017,2018,2019,2020,2021,2022,"Virginia","2020",874
2013,2014,2015,2016,2017,2018,2019,2020,2021,2022,"Virginia","2021",879
2013,2014,2015,2016,2017,2018,2019,2020,2021,2022,"Virginia","2022",889
2013,2014,2015,2016,2017,2018,2019,2020,2021,2022,"Virginia","2023",875
2013,2014,2015,2016,2017,2018,2019,2020,2021,2022,"Alabama","2013",445
2013,2014,2015,2016,2017,2018,2019,2020,2021,2022,"Alabama","2014",453
2013,2014,2015,2016,2017,2018,2019,2020,2021,2022,"Alabama","2015",423
2013,2014,2015,2016,2017,2018,2019,2020,2021,2022,"Alabama","2016",406
2013,2014,2015,2016,2017,2018,2019,2020,2021,2022,"Alabama","2017",380
2013,2014,2015,2016,2017,2018,2019,2020,2021,2022,"Alabama","2018",387
2013,2014,2015,2016,2017,2018,2019,2020,2021,2022,"Alabama","2019",356
2013,2014,2015,2016,2017,2018,2019,2020,2021,2022,"Alabama","2020",326
2013,2014,2015,2016,2017,2018,2019,2020,2021,2022,"Alabama","2021",348
2013,2014,2015,2016,2017,2018,2019,2020,2021,2022,"Alabama","2022",361
2013,2014,2015,2016,2017,2018,2019,2020,2021,2022,"Alabama","2023",330
2013,2014,2015,2016,2017,2018,2019,2020,2021,2022,"Kentucky","2013",951
2013,2014,2015,2016,2017,2018,2019,2020,2021,2022,"Kentucky","2014",944
2013,2014,2015,2016,2017,2018,2019,2020,2021,2022,"Kentucky","2015",915
2013,2014,2015,2016,2017,2018,2019,2020,2021,2022,"Kentucky","2016",902
2013,2014,2015,2016,2017,2018,2019,2020,2021,2022,"Kentucky","2017",864
2013,2014,2015,2016,2017,2018,2019,2020,2021,2022,"Kentucky","2018",841
2013,2014,2015,2016,2017,2018,2019,2020,2021,2022,"Kentucky","2019",819
2013,2014,2015,2016,2017,2018,2019,2020,2021,2022,"Kentucky","2020",783
2013,2014,2015,2016,2017,2018,2019,2020,2021,2022,"Kentucky","2021",803
2013,2014,2015,2016,2017,2018,2019,2020,2021,2022,"Kentucky","2022",796
2013,2014,2015,2016,2017,2018,2019,2020,2021,2022,"Kentucky","2023",792
2013,2014,2015,2016,2017,2018,2019,2020,2021,2022,"Mississippi","2013",429
2013,2014,2015,2016,2017,2018,2019,2020,2021,2022,"Mississippi","2014",436
2013,2014,2015,2016,2017,2018,2019,2020,2021,2022,"Mississippi","2015",389
2013,2014,2015,2016,2017,2018,2019,2020,2021,2022,"Mississippi","2016",418
2013,2014,2015,2016,2017,2018,2019,2020,2021,2022,"Mississippi","2017",404
2013,2014,2015,2016,2017,2018,2019,2020,2021,2022,"Mississippi","2018",412
2013,2014,2015,2016,2017,2018,2019,2020,2021,2022,"Mississippi","2019",379
2013,2014,2015,2016,2017,2018,2019,2020,2021,2022,"Mississippi","2020",402
2013,2014,2015,2016,2017,2018,2019,2020,2021,2022,"Mississippi","2021",378
2013,2014,2015,2016,2017,2018,2019,2020,2021,2022,"Mississippi","2022",403
2013,2014,2015,2016,2017,2018,2019,2020,2021,2022,"Mississippi","2023",372
2013,2014,2015,2016,2017,2018,2019,2020,2021,2022,"Tennessee","2013",479
2013,2014,2015,2016,2017,2018,2019,2020,2021,2022,"Tennessee","2014",521
2013,2014,2015,2016,2017,2018,2019,2020,2021,2022,"Tennessee","2015",505
2013,2014,2015,2016,2017,2018,2019,2020,2021,2022,"Tennessee","2016",503
2013,2014,2015,2016,2017,2018,2019,2020,2021,2022,"Tennessee","2017",453
2013,2014,2015,2016,2017,2018,2019,2020,2021,2022,"Tennessee","2018",359
2013,2014,2015,2016,2017,2018,2019,2020,2021,2022,"Tennessee","2019",332
2013,2014,2015,2016,2017,2018,2019,2020,2021,2022,"Tennessee","2020",283
2013,2014,2015,2016,2017,2018,2019,2020,2021,2022,"Tennessee","2021",343
2013,2014,2015,2016,2017,2018,2019,2020,2021,2022,"Tennessee","2022",341
2013,2014,2015,2016,2017,2018,2019,2020,2021,2022,"Tennessee","2023",325
2013,2014,2015,2016,2017,2018,2019,2020,2021,2022,"Arkansas","2013",619
2013,2014,2015,2016,2017,2018,2019,2020,2021,2022,"Arkansas","2014",605
2013,2014,2015,2016,2017,2018,2019,2020,2021,2022,"Arkansas","2015",515
2013,2014,2015,2016,2017,2018,2019,2020,2021,2022,"Arkansas","2016",525
2013,2014,2015,2016,2017,2018,2019,2020,2021,2022,"Arkansas","2017",548
2013,2014,2015,2016,2017,2018,2019,2020,2021,2022,"Arkansas","2018",594
2013,2014,2015,2016,2017,2018,2019,2020,2021,2022,"Arkansas","2019",505
2013,2014,2015,2016,2017,2018,2019,2020,2021,2022,"Arkansas","2020",430
2013,2014,2015,2016,2017,2018,2019,2020,2021,2022,"Arkansas","2021",484
2013,2014,2015,2016,2017,2018,2019,2020,2021,2022,"Arkansas","2022",475
2013,2014,2015,2016,2017,2018,2019,2020,2021,2022,"Arkansas","2023",449
2013,2014,2015,2016,2017,2018,2019,2020,2021,2022,"Louisiana","2013",571
2013,2014,2015,2016,2017,2018,2019,2020,2021,2022,"Louisiana","2014",548
2013,2014,2015,2016,2017,2018,2019,2020,2021,2022,"Louisiana","2015",522
2013,2014,2015,2016,2017,2018,2019,2020,2021,2022,"Louisiana","2016",496
2013,2014,2015,2016,2017,2018,2019,2020,2021,2022,"Louisiana","2017",511
2013,2014,2015,2016,2017,2018,2019,2020,2021,2022,"Louisiana","2018",497
2013,2014,2015,2016,2017,2018,2019,2020,2021,2022,"Louisiana","2019",480
2013,2014,2015,2016,2017,2018,2019,2020,2021,2022,"Louisiana","2020",441
2013,2014,2015,2016,2017,2018,2019,2020,2021,2022,"Louisiana","2021",465
2013,2014,2015,2016,2017,2018,2019,2020,2021,2022,"Louisiana","2022",457
2013,2014,2015,2016,2017,2018,2019,2020,2021,2022,"Louisiana","2023",439
2013,2014,2015,2016,2017,2018,2019,2020,2021,2022,"Oklahoma","2013",628
2013,2014,2015,2016,2017,2018,2019,2020,2021,2022,"Oklahoma","2014",628
2013,2014,2015,2016,2017,2018,2019,2020,2021,2022,"Oklahoma","2015",547
2013,2014,2015,2016,2017,2018,2019,2020,2021,2022,"Oklahoma","2016",472
2013,2014,2015,2016,2017,2018,2019,2020,2021,2022,"Oklahoma","2017",438
2013,2014,2015,2016,2017,2018,2019,2020,2021,2022,"Oklahoma","2018",400
2013,2014,2015,2016,2017,2018,2019,2020,2021,2022,"Oklahoma","2019",331
2013,2014,2015,2016,2017,2018,2019,2020,2021,2022,"Oklahoma","2020",314
2013,2014,2015,2016,2017,2018,2019,2020,2021,2022,"Oklahoma","2021",344
2013,2014,2015,2016,2017,2018,2019,2020,2021,2022,"Oklahoma","2022",314
2013,2014,2015,2016,2017,2018,2019,2020,2021,2022,"Oklahoma","2023",295
2013,2014,2015,2016,2017,2018,2019,2020,2021,2022,"Texas","2013",594
2013,2014,2015,2016,2017,2018,2019,2020,2021,2022,"Texas","2014",582
2013,2014,2015,2016,2017,2018,2019,2020,2021,2022,"Texas","2015",541
2013,2014,2015,2016,2017,2018,2019,2020,2021,2022,"Texas","2016",521
2013,2014,2015,2016,2017,2018,2019,2020,2021,2022,"Texas","2017",530
2013,2014,2015,2016,2017,2018,2019,2020,2021,2022,"Texas","2018",482
2013,2014,2015,2016,2017,2018,2019,2020,2021,2022,"Texas","2019",450
2013,2014,2015,2016,2017,2018,2019,2020,2021,2022,"Texas","2020",428
2013,2014,2015,2016,2017,2018,2019,2020,2021,2022,"Texas","2021",428
2013,2014,2015,2016,2017,2018,2019,2020,2021,2022,"Texas","2022",406
2013,2014,2015,2016,2017,2018,2019,2020,2021,2022,"Texas","2023",389
2013,2014,2015,2016,2017,2018,2019,2020,2021,2022,"Mountain","2013",649
2013,2014,2015,2016,2017,2018,2019,2020,2021,2022,"Mountain","2014",629
2013,2014,2015,2016,2017,2018,2019,2020,2021,2022,"Mountain","2015",612
2013,2014,2015,2016,2017,2018,2019,2020,2021,2022,"Mountain","2016",574
2013,2014,2015,2016,2017,2018,2019,2020,2021,2022,"Mountain","2017",568
2013,2014,2015,2016,2017,2018,2019,2020,2021,2022,"Mountain","2018",549
2013,2014,2015,2016,2017,2018,2019,2020,2021,2022,"Mountain","2019",531
2013,2014,2015,2016,2017,2018,2019,2020,2021,2022,"Mountain","2020",484
2013,2014,2015,2016,2017,2018,2019,2020,2021,2022,"Mountain","2021",482
2013,2014,2015,2016,2017,2018,2019,2020,2021,2022,"Mountain","2022",467
2013,2014,2015,2016,2017,2018,2019,2020,2021,2022,"Mountain","2023",436
2013,2014,2015,2016,2017,2018,2019,2020,2021,2022,"Arizona","2013",488
2013,2014,2015,2016,2017,2018,2019,2020,2021,2022,"Arizona","2014",478
2013,2014,2015,2016,2017,2018,2019,2020,2021,2022,"Arizona","2015",444
2013,2014,2015,2016,2017,2018,2019,2020,2021,2022,"Arizona","2016",409
2013,2014,2015,2016,2017,2018,2019,2020,2021,2022,"Arizona","2017",413
2013,2014,2015,2016,2017,2018,2019,2020,2021,2022,"Arizona","2018",418
2013,2014,2015,2016,2017,2018,2019,2020,2021,2022,"Arizona","2019",384
2013,2014,2015,2016,2017,2018,2019,2020,2021,2022,"Arizona","2020",327
2013,2014,2015,2016,2017,2018,2019,2020,2021,2022,"Arizona","2021",316
2013,2014,2015,2016,2017,2018,2019,2020,2021,2022,"Arizona","2022",315
2013,2014,2015,2016,2017,2018,2019,2020,2021,2022,"Arizona","2023",311
2013,2014,2015,2016,2017,2018,2019,2020,2021,2022,"Colorado","2013",744
2013,2014,2015,2016,2017,2018,2019,2020,2021,2022,"Colorado","2014",714
2013,2014,2015,2016,2017,2018,2019,2020,2021,2022,"Colorado","2015",714
2013,2014,2015,2016,2017,2018,2019,2020,2021,2022,"Colorado","2016",663
2013,2014,2015,2016,2017,2018,2019,2020,2021,2022,"Colorado","2017",663
2013,2014,2015,2016,2017,2018,2019,2020,2021,2022,"Colorado","2018",627
2013,2014,2015,2016,2017,2018,2019,2020,2021,2022,"Colorado","2019",602
2013,2014,2015,2016,2017,2018,2019,2020,2021,2022,"Colorado","2020",537
2013,2014,2015,2016,2017,2018,2019,2020,2021,2022,"Colorado","2021",548
2013,2014,2015,2016,2017,2018,2019,2020,2021,2022,"Colorado","2022",512
2013,2014,2015,2016,2017,2018,2019,2020,2021,2022,"Colorado","2023",479
2013,2014,2015,2016,2017,2018,2019,2020,2021,2022,"Idaho","2013",128
2013,2014,2015,2016,2017,2018,2019,2020,2021,2022,"Idaho","2014",98
2013,2014,2015,2016,2017,2018,2019,2020,2021,2022,"Idaho","2015",119
2013,2014,2015,2016,2017,2018,2019,2020,2021,2022,"Idaho","2016",117
2013,2014,2015,2016,2017,2018,2019,2020,2021,2022,"Idaho","2017",102
2013,2014,2015,2016,2017,2018,2019,2020,2021,2022,"Idaho","2018",97
2013,2014,2015,2016,2017,2018,2019,2020,2021,2022,"Idaho","2019",125
2013,2014,2015,2016,2017,2018,2019,2020,2021,2022,"Idaho","2020",126
2013,2014,2015,2016,2017,2018,2019,2020,2021,2022,"Idaho","2021",153
2013,2014,2015,2016,2017,2018,2019,2020,2021,2022,"Idaho","2022",141
2013,2014,2015,2016,2017,2018,2019,2020,2021,2022,"Idaho","2023",168
2013,2014,2015,2016,2017,2018,2019,2020,2021,2022,"Montana","2013",612
2013,2014,2015,2016,2017,2018,2019,2020,2021,2022,"Montana","2014",584
2013,2014,2015,2016,2017,2018,2019,2020,2021,2022,"Montana","2015",619
2013,2014,2015,2016,2017,2018,2019,2020,2021,2022,"Montana","2016",593
2013,2014,2015,2016,2017,2018,2019,2020,2021,2022,"Montana","2017",564
2013,2014,2015,2016,2017,2018,2019,2020,2021,2022,"Montana","2018",554
2013,2014,2015,2016,2017,2018,2019,2020,2021,2022,"Montana","2019",588
2013,2014,2015,2016,2017,2018,2019,2020,2021,2022,"Montana","2020",446
2013,2014,2015,2016,2017,2018,2019,2020,2021,2022,"Montana","2021",512
2013,2014,2015,2016,2017,2018,2019,2020,2021,2022,"Montana","2022",504
2013,2014,2015,2016,2017,2018,2019,2020,2021,2022,"Montana","2023",512
2013,2014,2015,2016,2017,2018,2019,2020,2021,2022,"Nevada","2013",431
2013,2014,2015,2016,2017,2018,2019,2020,2021,2022,"Nevada","2014",451
2013,2014,2015,2016,2017,2018,2019,2020,2021,2022,"Nevada","2015",378
2013,2014,2015,2016,2017,2018,2019,2020,2021,2022,"Nevada","2016",365
2013,2014,2015,2016,2017,2018,2019,2020,2021,2022,"Nevada","2017",345
2013,2014,2015,2016,2017,2018,2019,2020,2021,2022,"Nevada","2018",353
2013,2014,2015,2016,2017,2018,2019,2020,2021,2022,"Nevada","2019",349
2013,2014,2015,2016,2017,2018,2019,2020,2021,2022,"Nevada","2020",333
2013,2014,2015,2016,2017,2018,2019,2020,2021,2022,"Nevada","2021",333
2013,2014,2015,2016,2017,2018,2019,2020,2021,2022,"Nevada","2022",317
2013,2014,2015,2016,2017,2018,2019,2020,2021,2022,"Nevada","2023",297
2013,2014,2015,2016,2017,2018,2019,2020,2021,2022,"Mexico","2013",795
2013,2014,2015,2016,2017,2018,2019,2020,2021,2022,"Mexico","2014",765
2013,2014,2015,2016,2017,2018,2019,2020,2021,2022,"Mexico","2015",760
2013,2014,2015,2016,2017,2018,2019,2020,2021,2022,"Mexico","2016",705
2013,2014,2015,2016,2017,2018,2019,2020,2021,2022,"Mexico","2017",685
2013,2014,2015,2016,2017,2018,2019,2020,2021,2022,"Mexico","2018",564
2013,2014,2015,2016,2017,2018,2019,2020,2021,2022,"Mexico","2019",580
2013,2014,2015,2016,2017,2018,2019,2020,2021,2022,"Mexico","2020",547
2013,2014,2015,2016,2017,2018,2019,2020,2021,2022,"Mexico","2021",489
2013,2014,2015,2016,2017,2018,2019,2020,2021,2022,"Mexico","2022",443
2013,2014,2015,2016,2017,2018,2019,2020,2021,2022,"Mexico","2023",345
2013,2014,2015,2016,2017,2018,2019,2020,2021,2022,"Utah","2013",840
2013,2014,2015,2016,2017,2018,2019,2020,2021,2022,"Utah","2014",804
2013,2014,2015,2016,2017,2018,2019,2020,2021,2022,"Utah","2015",803
2013,2014,2015,2016,2017,2018,2019,2020,2021,2022,"Utah","2016",741
2013,2014,2015,2016,2017,2018,2019,2020,2021,2022,"Utah","2017",740
2013,2014,2015,2016,2017,2018,2019,2020,2021,2022,"Utah","2018",725
2013,2014,2015,2016,2017,2018,2019,2020,2021,2022,"Utah","2019",724
2013,2014,2015,2016,2017,2018,2019,2020,2021,2022,"Utah","2020",709
2013,2014,2015,2016,2017,2018,2019,2020,2021,2022,"Utah","2021",698
2013,2014,2015,2016,2017,2018,2019,2020,2021,2022,"Utah","2022",667
2013,2014,2015,2016,2017,2018,2019,2020,2021,2022,"Utah","2023",616
2013,2014,2015,2016,2017,2018,2019,2020,2021,2022,"Wyoming","2013",966
2013,2014,2015,2016,2017,2018,2019,2020,2021,2022,"Wyoming","2014",953
2013,2014,2015,2016,2017,2018,2019,2020,2021,2022,"Wyoming","2015",970
2013,2014,2015,2016,2017,2018,2019,2020,2021,2022,"Wyoming","2016",947
2013,2014,2015,2016,2017,2018,2019,2020,2021,2022,"Wyoming","2017",947
2013,2014,2015,2016,2017,2018,2019,2020,2021,2022,"Wyoming","2018",954
2013,2014,2015,2016,2017,2018,2019,2020,2021,2022,"Wyoming","2019",930
2013,2014,2015,2016,2017,2018,2019,2020,2021,2022,"Wyoming","2020",894
2013,2014,2015,2016,2017,2018,2019,2020,2021,2022,"Wyoming","2021",844
2013,2014,2015,2016,2017,2018,2019,2020,2021,2022,"Wyoming","2022",833
2013,2014,2015,2016,2017,2018,2019,2020,2021,2022,"Wyoming","2023",847
2013,2014,2015,2016,2017,2018,2019,2020,2021,2022,"California","2013",287
2013,2014,2015,2016,2017,2018,2019,2020,2021,2022,"California","2014",289
2013,2014,2015,2016,2017,2018,2019,2020,2021,2022,"California","2015",282
2013,2014,2015,2016,2017,2018,2019,2020,2021,2022,"California","2016",239
2013,2014,2015,2016,2017,2018,2019,2020,2021,2022,"California","2017",216
2013,2014,2015,2016,2017,2018,2019,2020,2021,2022,"California","2018",223
2013,2014,2015,2016,2017,2018,2019,2020,2021,2022,"California","2019",203
2013,2014,2015,2016,2017,2018,2019,2020,2021,2022,"California","2020",225
2013,2014,2015,2016,2017,2018,2019,2020,2021,2022,"California","2021",229
2013,2014,2015,2016,2017,2018,2019,2020,2021,2022,"California","2022",219
2013,2014,2015,2016,2017,2018,2019,2020,2021,2022,"California","2023",200
2013,2014,2015,2016,2017,2018,2019,2020,2021,2022,"Oregon","2013",159
2013,2014,2015,2016,2017,2018,2019,2020,2021,2022,"Oregon","2014",139
2013,2014,2015,2016,2017,2018,2019,2020,2021,2022,"Oregon","2015",155
2013,2014,2015,2016,2017,2018,2019,2020,2021,2022,"Oregon","2016",136
2013,2014,2015,2016,2017,2018,2019,2020,2021,2022,"Oregon","2017",127
2013,2014,2015,2016,2017,2018,2019,2020,2021,2022,"Oregon","2018",137
2013,2014,2015,2016,2017,2018,2019,2020,2021,2022,"Oregon","2019",177
2013,2014,2015,2016,2017,2018,2019,2020,2021,2022,"Oregon","2020",147
2013,2014,2015,2016,2017,2018,2019,2020,2021,2022,"Oregon","2021",143
2013,2014,2015,2016,2017,2018,2019,2020,2021,2022,"Oregon","2022",128
2013,2014,2015,2016,2017,2018,2019,2020,2021,2022,"Oregon","2023",156
2013,2014,2015,2016,2017,2018,2019,2020,2021,2022,"Washington","2013",110
2013,2014,2015,2016,2017,2018,2019,2020,2021,2022,"Washington","2014",107
2013,2014,2015,2016,2017,2018,2019,2020,2021,2022,"Washington","2015",106
2013,2014,2015,2016,2017,2018,2019,2020,2021,2022,"Washington","2016",90
2013,2014,2015,2016,2017,2018,2019,2020,2021,2022,"Washington","2017",95
2013,2014,2015,2016,2017,2018,2019,2020,2021,2022,"Washington","2018",91
2013,2014,2015,2016,2017,2018,2019,2020,2021,2022,"Washington","2019",137
2013,2014,2015,2016,2017,2018,2019,2020,2021,2022,"Washington","2020",103
2013,2014,2015,2016,2017,2018,2019,2020,2021,2022,"Washington","2021",100
2013,2014,2015,2016,2017,2018,2019,2020,2021,2022,"Washington","2022",92
2013,2014,2015,2016,2017,2018,2019,2020,2021,2022,"Washington","2023",133
2013,2014,2015,2016,2017,2018,2019,2020,2021,2022,"Alaska","2013",580
2013,2014,2015,2016,2017,2018,2019,2020,2021,2022,"Alaska","2014",589
2013,2014,2015,2016,2017,2018,2019,2020,2021,2022,"Alaska","2015",585
2013,2014,2015,2016,2017,2018,2019,2020,2021,2022,"Alaska","2016",547
2013,2014,2015,2016,2017,2018,2019,2020,2021,2022,"Alaska","2017",544
2013,2014,2015,2016,2017,2018,2019,2020,2021,2022,"Alaska","2018",543
2013,2014,2015,2016,2017,2018,2019,2020,2021,2022,"Alaska","2019",572
2013,2014,2015,2016,2017,2018,2019,2020,2021,2022,"Alaska","2020",551
2013,2014,2015,2016,2017,2018,2019,2020,2021,2022,"Alaska","2021",539
2013,2014,2015,2016,2017,2018,2019,2020,2021,2022,"Alaska","2022",537
2013,2014,2015,2016,2017,2018,2019,2020,2021,2022,"Alaska","2023",537
2013,2014,2015,2016,2017,2018,2019,2020,2021,2022,"Hawaii","2013",723
2013,2014,2015,2016,2017,2018,2019,2020,2021,2022,"Hawaii","2014",730
2013,2014,2015,2016,2017,2018,2019,2020,2021,2022,"Hawaii","2015",727
2013,2014,2015,2016,2017,2018,2019,2020,2021,2022,"Hawaii","2016",729
2013,2014,2015,2016,2017,2018,2019,2020,2021,2022,"Hawaii","2017",726
2013,2014,2015,2016,2017,2018,2019,2020,2021,2022,"Hawaii","2018",735
2013,2014,2015,2016,2017,2018,2019,2020,2021,2022,"Hawaii","2019",753
2013,2014,2015,2016,2017,2018,2019,2020,2021,2022,"Hawaii","2020",707
2013,2014,2015,2016,2017,2018,2019,2020,2021,2022,"Hawaii","2021",700
2013,2014,2015,2016,2017,2018,2019,2020,2021,2022,"Hawaii","2022",688
2013,2014,2015,2016,2017,2018,2019,2020,2021,2022,"Hawaii","2023",656
